{"plugins":{"cordova-plugin-geolocation":"C:\\Users\\User\\AppData\\Roaming\\npm\\node_modules\\cordova-simulate\\src\\plugins\\cordova-plugin-geolocation","exec":"C:\\Users\\User\\AppData\\Roaming\\npm\\node_modules\\cordova-simulate\\src\\plugins\\exec","events":"C:\\Users\\User\\AppData\\Roaming\\npm\\node_modules\\cordova-simulate\\src\\plugins\\events","cordova-plugin-device":"C:\\Users\\User\\AppData\\Roaming\\npm\\node_modules\\cordova-simulate\\src\\plugins\\cordova-plugin-device","cordova-plugin-battery-status":"C:\\Users\\User\\AppData\\Roaming\\npm\\node_modules\\cordova-simulate\\src\\plugins\\cordova-plugin-battery-status","cordova-plugin-camera":"C:\\Users\\User\\AppData\\Roaming\\npm\\node_modules\\cordova-simulate\\src\\plugins\\cordova-plugin-camera"},"files":{"C:\\Users\\User\\AppData\\Roaming\\npm\\node_modules\\cordova-simulate\\src\\modules\\argscheck.js":499162500000,"C:\\Users\\User\\AppData\\Roaming\\npm\\node_modules\\cordova-simulate\\src\\modules\\db.js":499162500000,"C:\\Users\\User\\AppData\\Roaming\\npm\\node_modules\\cordova-simulate\\src\\modules\\event.js":499162500000,"C:\\Users\\User\\AppData\\Roaming\\npm\\node_modules\\cordova-simulate\\src\\modules\\telemetry-helper.js":499162500000,"C:\\Users\\User\\AppData\\Roaming\\npm\\node_modules\\cordova-simulate\\src\\modules\\sim-constants.js":499162500000,"C:\\Users\\User\\AppData\\Roaming\\npm\\node_modules\\cordova-simulate\\src\\modules\\exception.js":499162500000,"C:\\Users\\User\\AppData\\Roaming\\npm\\node_modules\\cordova-simulate\\src\\modules\\xhr-proxy.js":499162500000,"C:\\Users\\User\\AppData\\Roaming\\npm\\node_modules\\cordova-simulate\\src\\modules\\messages.js":499162500000,"C:\\Users\\User\\AppData\\Roaming\\npm\\node_modules\\cordova-simulate\\src\\modules\\utils.js":499162500000,"C:\\Users\\User\\AppData\\Roaming\\npm\\node_modules\\cordova-simulate\\src\\modules\\polyfills.js":499162500000,"C:\\Users\\User\\AppData\\Roaming\\npm\\node_modules\\cordova-simulate\\src\\third-party\\jquery.min.js":499162500000,"C:\\Users\\User\\AppData\\Roaming\\npm\\node_modules\\cordova-simulate\\src\\modules\\sim-host\\sim-status.js":499162500000,"C:\\Users\\User\\AppData\\Roaming\\npm\\node_modules\\cordova-simulate\\src\\plugins\\cordova-plugin-geolocation\\sim-host.js":499162500000,"C:\\Users\\User\\AppData\\Roaming\\npm\\node_modules\\cordova-simulate\\src\\modules\\sim-host\\dialog.js":499162500000,"C:\\Users\\User\\AppData\\Roaming\\npm\\node_modules\\cordova-simulate\\src\\sim-host\\ui\\sim-host.js":499162500000,"C:\\Users\\User\\AppData\\Roaming\\npm\\node_modules\\cordova-simulate\\src\\plugins\\events\\sim-host.js":499162500000,"C:\\Users\\User\\AppData\\Roaming\\npm\\node_modules\\cordova-simulate\\src\\plugins\\cordova-plugin-geolocation\\sim-host-handlers.js":499162500000,"C:\\Users\\User\\AppData\\Roaming\\npm\\node_modules\\cordova-simulate\\src\\plugins\\exec\\sim-host.js":499162500000,"C:\\Users\\User\\AppData\\Roaming\\npm\\node_modules\\cordova-simulate\\src\\plugins\\exec\\sim-host-handlers.js":499162500000,"C:\\Users\\User\\AppData\\Roaming\\npm\\node_modules\\cordova-simulate\\src\\plugins\\cordova-plugin-device\\sim-host-handlers.js":499162500000,"C:\\Users\\User\\AppData\\Roaming\\npm\\node_modules\\cordova-simulate\\src\\plugins\\cordova-plugin-device\\sim-host.js":499162500000,"C:\\Users\\User\\AppData\\Roaming\\npm\\node_modules\\cordova-simulate\\src\\third-party\\webcomponents.min.js":499162500000,"C:\\Users\\User\\AppData\\Roaming\\npm\\node_modules\\cordova-simulate\\src\\third-party\\socket.io.js":499162500000,"C:\\Users\\User\\AppData\\Roaming\\npm\\node_modules\\cordova-simulate\\src\\plugins\\cordova-plugin-camera\\sim-host.js":499162500000,"C:\\Users\\User\\AppData\\Roaming\\npm\\node_modules\\cordova-simulate\\src\\plugins\\cordova-plugin-battery-status\\sim-host.js":499162500000,"C:\\Users\\User\\AppData\\Roaming\\npm\\node_modules\\cordova-simulate\\src\\plugins\\cordova-plugin-battery-status\\sim-host-handlers.js":499162500000,"C:\\Users\\User\\AppData\\Roaming\\npm\\node_modules\\cordova-simulate\\node_modules\\q\\q.js":1508435252000,"C:\\Users\\User\\AppData\\Roaming\\npm\\node_modules\\cordova-simulate\\src\\plugins\\cordova-plugin-battery-status\\battery.js":499162500000,"C:\\Users\\User\\AppData\\Roaming\\npm\\node_modules\\cordova-simulate\\src\\plugins\\cordova-plugin-geolocation\\geo-model.js":499162500000,"C:\\Users\\User\\AppData\\Roaming\\npm\\node_modules\\cordova-simulate\\src\\plugins\\cordova-plugin-geolocation\\PositionError.js":499162500000,"C:\\Users\\User\\AppData\\Roaming\\npm\\node_modules\\cordova-simulate\\src\\plugins\\exec\\saved-sims.js":499162500000,"C:\\Users\\User\\AppData\\Roaming\\npm\\node_modules\\cordova-simulate\\src\\sim-host\\ui\\custom-elements.js":499162500000,"C:\\Users\\User\\AppData\\Roaming\\npm\\node_modules\\cordova-simulate\\src\\sim-host\\protocol\\socket.js":499162500000,"C:\\Users\\User\\AppData\\Roaming\\npm\\node_modules\\cordova-simulate\\src\\plugins\\cordova-plugin-device\\device-model.js":499162500000,"C:\\Users\\User\\AppData\\Roaming\\npm\\node_modules\\cordova-simulate\\node_modules\\process\\browser.js":1493209628000,"C:\\Users\\User\\AppData\\Roaming\\npm\\node_modules\\cordova-simulate\\node_modules\\timers-browserify\\main.js":1424707434000,"C:\\Users\\User\\AppData\\Roaming\\npm\\node_modules\\cordova-simulate\\src\\devices\\os-versions.json":499162500000}}